경력,주요 업무,자격 요건,우대사항,기술
경력,"PO는 확실한 제품의 오너십을 바탕으로 클라이언트와 유저들이 겪는 불편을 해결 위해 매순간 최선을 다하고 있어요.

• 제품의 페르소나를 정의하고 모든 여정의 클라이언트와 유저의 멋진 경험을 설계해요.
• 고객별 맞춤형 UX 설계 및 지속적인 성능 최적화를 만들어요.
• 제품에 대한 비즈니스 모델 설계, 핵심 지표 정의, 액션 아이템 및 결과 도출을 담당하여 제품을 지속 성장시켜요.
• 가설을 수립하고, 실험을 통해 도출된 데이터 기반으로 가설을 검증해요.
• 정의한 제품의 PMF을 찾기 위해 가설 및 실행 전략을 세우고 MVP를 통해 검증하는 과정을 기반으로 제품을 고도화 시켜요.","• UXUI 경력 기반의 제품기획 혹은 프로젝트 리딩 경험 8년 이상이신 분
• 크로스평션 조직의 업무 경험이 있으며, 그 과정에서 다양한 이해관계자 간의 의견을 조율하고 제품의 마일스톤 및 비전을 주도적으로 제시한 경험이 있는 분
• 데이터 분석을 기반으로 제품 방향성을 설정하는 동시에 제품의 중장기 로드맵을 정의하고 이해관계자 및 전사 조직에 제시할 수 있는 분
• 문제 정의, 가설 검증, 제품 이터레이션까지 제품의 모든 순환 과정을 경험한 분
• 클라이언트와 유저의 다양한 요구 사항을 비즈니스와 제품으로 반영할 수 있는 분","• Hospitality 프로덕트 기획(어드민/백오피스 포함) 및 프로젝트 리딩 경험이 있으신 분
• B2B2C O2O관련 도메인을 경험한 분
• SaaS, PaaS, Enterprise Solution에 대한 경험 혹은 높은 이해도를 가진 분
• 글로벌 지향적인 서비스를 출시 또는 다뤄본 경험이 있는 분",
경력,"• 프로덕트 매니저들로 구성된 챕터에 소속되고 특정 프로덕트(서비스) 또는 목표(OKR)들을 담당하는 스쿼드에도 소속돼요
• 스쿼드는 다양한 챕터(PM, 엔지니어, QA, 데이터, 프로덕트 디자이너 등)로 구성되며 한두 가지 목표에 오너십을 갖고 집중할 수 있어요
• 프로덕트 매니저는 이슈 분석과 리서치, 목표 설정, 담당 구성, 진행 및 리뷰를 하고 적극적인 소통을 통해 의사결정을 이끌어야해요
• 고객의 문제를 발견, 분석, 정의, 해결하고 가치를 제공할 수 있는 것이 가장 중요해요
• 서비스 운영 관련 다양한 행정 이슈를 처리하며 메뉴얼과 프로세스를 개선하는 등 유지 보수에도 책임이 있어요","• 6년 이상의 PM/PO 실무 경험이 있으신 분
• 2년 이상의 팀(스쿼드/챕터) 리더 경험이 있으신 분
• 서비스에 대한 오너십과 책임을 가지고 주도적으로 문제를 정의하고 분석하고 해결할 수 있는 분
• 이슈 설계 및 배분, 우선순위와 일정 관리, 적극적인 소통, 일이 되게 하기 위한 집념과 에너지, 목표 달성 능력을 갖고 계신 분
• 프로덕트 매니저로서의 역량과 비전이 있으신 분
• 과제 실행,기능 명세,품질 향상 / 이해관계자 관리,팀 리더쉽 / VOC분석,데이터 분석,UX디자인 / 비즈니스 오너십, 제품 비전과 로드맵, 전략적 임팩트
• 데이터 기반의 분석적 사고를 말과 글로 공감, 설득할 수 있는 분
• 고객의 피드백을 정성적, 정량적 데이터로 분석, 정리하여 니즈를 발굴하고 개선 방향을 제시할 수 있는 분","• 일본어와 일본 문화에 대한 경험이 있으신 분 (비즈하우스와 미리캔버스의 일본 서비스 포지션 한정)
• UX 리서치와 디자인 씽킹을 중요하게 생각하고 관련 경험이 있으신 분
• 린, 애자일 방식으로 프로덕트를 개발한 경험이 있으신 분
• 상용 서비스 출시 및 운영에 참여해보신 경험과 그 성과에 대해 명확하게 리뷰할 수 있는 분
• sql, ga, big query, tableau 등 데이터 관련 도구를 활용할 수 있는 분
• 복잡한 정책들을 이해하고 정의하여 서비스를 직접 설계한 경험이 있으신 분",
경력,"• 사업을 가장 빠르게 성장시키기 위해 필요한 모든 일을 해요
• 성장 방향을 제시하기 위해 시장 이해, 목표 설정, 문제정의부터 시작해요
• 문제를 해결하는데 가장 효과적인 일을 맡아서 해요. 그 일이 서비스 기획/데이터 분석 일수도, 사업개발/현장 오퍼레이션 일수도, 어떨때는 팀원 매니징과 동기 부여일수도 있어요","• 2년 이상의 PM/PO 경력
- Web3 서비스 경험이 있으면 좋지만, 빨리 배우는 분이면 없어도 괜찮아요
• 고객 중심 사고 장착: 상대가 누군지 방향성을 잃지 않는 사람
- 내가 좋아하는것과 타겟 고객이 돈을 내고도 사용할 것을 구분할 수 있는 분을 찾아요
• 데이터 기반 의사결정: 지금 가장 중요한 일이 무엇인지 객관화 할 수 있는 사람
- 리소스를 어디에 쏠지 우선순위를 합리적으로 결정하고 팀을 설득할 수 있는 분을 모시고 있어요
• 실행력과 전투력: 목표 달성에 도움이 되면 짜치고, 멋 없는 일도 직접 한다는 마인드셋
- '이런 것까지 내가 해야해?'라는 생각, 지금 다니는 직장에서 한 적이 있다면 지원하지 마세요. 더한 일이 많을 거에요!
• 스스로에게 높은 기준
- '이렇게까지 해야해?'라는 얘기를 하는 팀원이 거슬리지 않는다면 지원하지 마세요. 지금 방식이 최선인지를 고민하는 팀원을 모아하고 있어요
• 문제 해결 에이스: 팀이 고민하고 있을 때 어떻게든 되는 방법을 찾아내는 사람
- 크고 복잡한 문제를 작게 쪼개서 중요한 것부터 빨리 검증해본 경험이 있는 분을 모셔요
• 커뮤니케이션
- 팀원 말을 경청하고, 같은 말이라도 불필요한 오해가 없게 말/글 커뮤니케이션을 잘하는 분을 찾고 있어요","• 창업, 매출을 만들어본 경험
• Web3, 프로토콜 이코노미에 대한 관심
• 게임, 커머스에 대한 관심",
경력,"• 의원의 업무 환경에 대해 이해하고 다양하게 요구되는 사항을 고려하여, 신규 기능 기획 및 기존 기능 개선안 작성합니다.
• 제품 운영에 필요한 정보를 수집하고 분석하여, 효율적으로 제품에 반영합니다.
• 개발 / 디자인 / CS / 영업 등 다양한 직군의 멤버들과 소통하며, 프로젝트의 원활한 진행을 이끕니다.","• B2B 서비스 개발 및 운영 관련 PM / PO 로서 1년 이상 참여해보신 경험이 있는 분
• B2B 서비스 개발 및 운영 관련 개발자, 디자이너, 비즈니스, 서비스 관리 등의 직무로 3년 이상 참여해보신 경험이 있는 분
• 새로운 도메인에 대해 빠르게 습득하고 필요한 데이터를 모을 수 있으며, 데이터 기반 사고 능력이 뛰어난 분
• 주도적인 업무 수행 및 다양한 직군으로부터 지식을 원활히 습득하고 커뮤니케이션 가능한 분","• 의원 프로그램 사용 경험이 있거나, 의원의 전반적인 업무 프로세스 및 의료 환경에 대한 이해도가 높으신 분
• 프로덕트 매니저로서 B2B 업무 포털 서비스 개발 및 운영 경험이 있는 분
• 데이터 구조에 대한 이해가 높고 통계 분석에 능한 분",
경력,"■ 노을의 프로덕트 매니저(Product Manager)는 이런 목표를 가지고 업무를 진행해요.
담당 제품을 성공적으로 기획, 출시, 판매하기 위한 사업화 전반을 담당합니다.

■ 업무의 목표를 달성하기 위해 이런 세부 업무를 담당해요.
-전사 목표를 고려한 제품 개발 방향 결정 및 로드맵 수립
-제품별 시장 진입 및 사업 확장 전략 수립
-글로벌 기초 시장 리서치 및 시장동향 분석
-유관 부서 (개발, 인허가, 임상, 영업 등) 간 우선순위 및 세부 추진 계획 조정
-전략적 파트너십 Pool 구축 및 제품에 대한 대외 홍보 활동","■ 이런 역량을 갖추신 분을 찾고 있어요.
-제품 기획 경험을 보유하신 분(3년 이상)
-의료기기 또는 관련 SW 업계 경험을 보유하신 분(3년 이상)

■ 이런 사람과 함께 일하고 싶어요.
-비즈니스 영어 구사 능력을 갖추신 분
-다양한 부서와의 커뮤니케이션 및 의견 조율 경험이 있으신 분
-주도적으로 문제를 정의하고 해결해 나가는 성향을 가지신 분

* 노을은 업무적인 경험과 역량 요건 이외에 학력, 성별, 종교, 정치적 성향 등 세계인권선언 2조와 국제노동기구(ILO) 제111호 협약에서 언급한 어떠한 요소에 대해서도 채용 과정에서 부당하게 차별하지 않습니다.","■ 이런 경험이 있으신 분이라면 기대 이상이에요.
-글로벌 기업 경험 또는 해외 사업기회 발굴 및 사업화 추진 경험이 있으신 분
-말라리아, 혈액분석 관련 업계 경험이 있으신 분",
경력,"[마켓보로 프로덕트 매니저(PM)로 합류하시면 이런 일을 해요]
• 담당 프로덕트를 리드하여 개발, 디자인, 마케팅 등 전반에 걸쳐 프로덕트를 주도하는 역할을 합니다.
• 프로덕트 Full-Cycle을 파악하고 문제를 발견, 과제를 도출하여 프로젝트를 리드합니다.
• 전사 KPI 달성을 위한 가설을 수립하고, 끊임없는 검증을 통해 Product-market fit을 찾고 제품을 고도화 합니다.

[담당업무]
• B2B 식자재 커머스 플랫폼 '식봄'의 판매자센터 기획
• 판매자 피드백을 수집하고 분석하여 프로덕트 지속적으로 개선
• 식봄 전체 유저(구매자/판매자)의 불편을 개선하기 위한 기획
• 유저 행동 데이터를 분석하여 판매자의 매출 증대를 위한 인사이트 도출
• 개발, 디자인, QA 등 유관부서를 리딩하며 프로젝트 일정 및 Quality 관리","[이런 분을 찾고 있어요]
• 3년 이상의 Product Manager 경험을 가지신 분
• 유관부서, 다른 직군, 외부 회사 등 다양한 이해 관계자와의 뛰어난 커뮤니케이션 스킬을 보유하신 분
• Product 런칭부터 운영까지 전체 프로세스에 대한 경험이 있으신 분","[이런 분이라면 더 좋아요!]
• 커머스 도메인 또는 어드민 기획에 대한 경험이 있는 분
• 타사 서비스 연동 경험이 있는 분
• 동시다발적으로 진행되는 여러 프로젝트의 우선순위 설정 및 관리 역량이 있으신 분",
경력,"• AI 기술을 기반으로 하는 신규 사업 기회 (프로덕트 기획 및 개발 리딩)
• 데이터 기반 가설을 바탕으로 시장 분석과 사업 전략에 따른 우선 순위 도출
• 제품의 전략, 로드맵, 지표 등을 설정하고 관리
• 사업 전략에 따른 우선 순위를 도출하고 관리하며 프로덕트 고도화/관리","• 학력/전공 : 무관
• 경력 : 유관 경력 3년 이상
• 지원 자격 :
1) 서비스 및 사업 전략을 수립하고, 실제 비즈니스 실행을 해본 적이 있으신 분
2) 데이터를 기반으로 논리적이고 분석적인 사고를 하시는 분
3) 사업, 기획, 개발 등 다양한 직군과 직접 커뮤니케이션하며 협업을 해보신 분","• AI 분야/IT 업계에서 근무해본 경험이 있으신 분
• 성장하는 스타트업 환경에서 업무한 경험이 있으신 분
• 많은 유저를 대상으로 하는 서비스의 기획 및 운영을 경험해보신 분",
경력,""" 사세 확장에 따른 포지션 확장 채용이에요! “

【페이타랩 프로덕트팀】

프로덕트팀은 패스오더 유저와 점주님을 연결하며 고객지향적인 프로덕트를 만드는 팀이에요. 프로덕트의 성장을 위해 각 팀에서 실현하고자 하는 수많은 아이디어와 프로젝트를 유기적인 의사소통을 통해 흡수하고 구현해내고, 이를 위해 불필요하고 복잡한 업무 프로세스를 지양하며 실행 중심의 효율적인 업무 문화를 갖고 있어요.

“개발의 마지막 관문”이라는 마음가짐으로 안정적이면서도 혁신을 일으킬 수 있는 프로덕트를 개발하기 위해 수단과 방법을 가리지 않고 학습하고 실행하는 팀이에요. 프로덕트 매니저, 프로덕트 디자이너, 데브옵스 엔지니어, 개발자 등 프로덕트를 실현하는 과정 자체에서 즐거움을 느끼는 사람들과 그 이상으로 비즈니스 임팩트가 가장 중요하다는 점에 공감하는 사람들이 모여있어요.


【이런 내용을 함께 알려주시면 좋아요!】

• 프로덕트 매니징 또는 서비스 기획 경험에 대한 자세한 설명이나 구체적인 자료가 포함된 포트폴리오 또는 경력기술서를 제출해 주세요.
• 주도적으로 서비스를 개선하고 문제를 해결하기 위해 노력한 부분이 있다면 어떤 과정과 결과를 만들었는지 알려주세요.
• 프로덕트 매니저로서 어떤 생각과 가치관을 갖고 계시는지 궁금해요.

• 아래의 사전질문에 대한 답변을 이력서와 함께 제출해주세요!
- 페이타랩에 지원하는 이유는 무엇인가요?
- 페이타랩에 입사 시 어떤 방식 및 계획으로 업무를 진행하고 싶으신가요?


【 오시면 이런 업무를 하게 되실 거예요! 】

• 사용자의 니즈와 불편 사항을 예리하게 캐치하여, 새롭고 개선된 서비스를 기획해요.
• 사용자의 행동을 데이터 기반으로 분석하여 서비스 인사이트를 도출하고 적용해요.
• 프로젝트가 효율적으로 진행될 수 있도록 매니징하고, 커뮤니케이션의 중심 역할을 해요.
• 패스오더의 미션과 비전에 따른 서비스 방향성 수립 및 로드맵을 구체화해요.","• 서비스 기획 경력이 3년 이상인 분
• 새로운 서비스를 기획하거나, 기존 서비스의 개선을 통해 성과를 내 본 경험이 있는 분
• 다양한 이해관계자들과 원활한 의사소통을 통해 업무의 효율을 높일 수 있는 분
• UX 및 서비스 기획 프로세스에 대한 이해도가 높으신 분","• 사용자 중심 사고와 데이터 기반 의사결정에 익숙하신 분
• 커피 시장에 대한 관심이 높고 O2O 서비스와 사용자 생태계에 대한 이해도가 높은 분
• 데이터 분석 및 활용 능력과 UX 전문 역량을 보유한 분
• 패스오더에 많은 애정을 가지고 서비스를 성공적으로 이끌어 갈 수 있는 분",
경력,"• 글로랑의 꾸그 Product Manager(PM)은 스쿼드에 주어진 목표를 달성하기 위해 해결책을 모색하고 스쿼드 멤버들과 협업하여 성과를 만들어 냅니다. 고객이 진정으로 좋아하는 제품이 나올 때까지 집착하고, 구현을 반복합니다.
- 리더십과 함께 제품 전략과 전술을 도출하고 그 내용을 협업자와 조율합니다.
- 제품 아이디어를 검증하고 구체화하기 위해 여러 차례의 심층적인 유저 리서치를 수행합니다.
- 고객들의 행동 데이터를 기반으로 문제를 파악하고, 성과 측정을 위한 인프라 데이터를 설계합니다.
- 디자인/개발팀과 협력하여 제품 아이디어를 현재 제품에 가장 잘 통합하는 방법을 결정합니다.
- 계획 및 우선순위 결정, 주요 지표 정의 및 추적, 마케팅, 메시징, 포지셔닝 및 시장 출시 계획에 대한 협업 등 PM 조직에서 기대할 수 있는 모든 일을 수행할 수 있도록 이끕니다.","• 플랫폼 서비스 PM 경력 2년 ~5년차
• 포트폴리오 제출

[하드 스킬]
• 고객에 대한 깊은 공감과 고객 언어로의 문제 정의
• 고객으로부터 배운 내용을 제품 비전과 일치시켜 구체화하고, 내부 조율을 주도
• 복잡하거나 어려운 문제에 대해 시스템 지향적인 해결 방법을 생각하고 구조화하며, 협업자가 이해하기 쉬운 언어로 표현
• 목적을 달성하기 위해 작은 디테일을 파고들거나, 개인이 할 수 있는 작업을 찾아서 능동적으로 수행, 올바른 방향을 찾기 위해 경영진과 충돌하는 등 무엇이든 두려워하지 않는 능력

[소프트 스킬]
• 팀으로서 성공할 수 있는 환경을 조성하기 위한 노력
• 빠르게 변화하는 스타트업의 환경에 대한 친화력, 유머 감각, 논리적/감정적으로 팀을 설득할 수 있는 역량
• 주어진 업무를 완수하려는 끈기, 보다 나은 방식을 계속 탐색하고 적용하려 하는 호기심","• 성공적인 제품 그로스 경험이 있고, 성공을 이끌어낸 과정과 원인을 논리적으로 설명할 수 있는 분
• 유저 리서치, 정성 리서치 경험
• 데이터 분석 및 개발 경험",
경력,"- 새로운 제품 런칭을 위한 마켓 리서치 및 제품 설계에 필요한 다양한 정책을 정리하고 효과적으로 팀에 전달합니다.
- 모든 구성원이 제품의 목표와 진행 방향을 오해 없이 동일한 수준으로 이해할 수 있도록 체계적으로 정리하여 공유합니다.
- 고객 관점에서 문제를 정밀하게 진단하고, 이에 대한 해결 전략을 직접 수립하여 매출을 극대화 모색합니다.
- 고객 만족도를 지속적으로 모니터링하며, 비즈니스의 새로운 기회를 발굴하기 위해 Product Initiative를 제안하고 이를 실행에 옮기는 역할을 주도합니다.
- 서비스 배포가 신속하고 안정적으로 이루어질 수 있도록 리소스와 스케줄을 관리합니다.","- 3년 이상 모바일/웹 제품 개발 Product Owner 또는 Product Manager 경험을 가지고 있는 분
- 시장의 기회와 사용자의 니즈를 끊임없이 고민하여, 제품을 완성해 나간 경험이 있는 분
- 복잡한 문제를 구조화하고 단순화하며 논리적으로 해결할 수 있는 분
- 협업하는 동료들을 독려하며 함께 시장에 임팩트를 주는 제품을 런칭한 경험이 있는 분
- 데이터 기반의 가설 설정과 이를 검증하기 위한 실험 설계 및 빠른 실행의 경험이 있는 분","• 커머스 도메인에 대한 경험과 지식이 있는 분
• 스타트업에서 스스로 빠른 성장을 경험하며, 사람과 조직이 겪는 다양한 문제를 해결하는 부분에 깊이 공감하고 align 이 되는 분",
경력,"• Own, develop and maintain an aspirational Product Vision for geospatial and mapping capabilities within the Eats' Delivery Products team.
• Design and deliver scalable, enterprise-grade and real-time geospatial and mapping products and capabilities to build towards realizing that vision.
• Work hand-in-hand with our world-class engineering and data science teams to own, develop, maintain and deliver on feature development roadmaps and backlogs.
• Proactively engage business and operations stakeholders to understand and translate business needs into product requirements.
• Proactively engage senior leadership to understand and translate business strategy and intent into desired and required product capabilities.
• Work closely with peer Product Owners and other Product Leaders within the delivery domain and outside of it to actively manage inter-dependencies and requirements.
• Propose and own geospatial and mapping-related OKRs and proactively drive all stakeholders to achieve and maintain them.
• Design, execute, manage, and report on rapid hypothesis testing and experimentation results.
• Drive and uphold a culture of communicating in a clear, precise and insightful manner, through data, both verbal and written.
• Influence and inform decision-making at every level through having a deep, fully hands-on understanding of all aspects of the owned products.
• Ruthlessly prioritize, balance competing interests, drive lazer-focused product-development, and convince stakeholders on what do not need to be done.
• Proactively engage senior leadership to understand and translate business strategy and intent into desired and required product capabilities.
• Work closely with peer Product Owners and other Product Leaders within the delivery domain and outside of it to actively manage inter-dependencies and requirements.
• Propose and own geospatial and mapping-related OKRs and proactively drive all stakeholders to achieve and maintain them.
• Design, execute, manage, and report on rapid hypothesis testing and experimentation results.
• Drive and uphold a culture of communicating in a clear, precise and insightful manner, through data, both verbal and written.
• Influence and inform decision-making at every level through having a deep, fully hands-on understanding of all aspects of the owned products.
• Ruthlessly prioritize, balance competing interests, drive lazer-focused product-development, and convince stakeholders on what do not need to be done.","• Be bilingual, with full fluency in written and spoken English, and Korean is strongly preferred.
• Minimum of 5+ years of experience in technical product ownership / management.
• Demonstrable track record of delivering scalable and impactful technical products in either B2B, B2C, or for internal-users.
• Must be fully capable of driving rapid product development through the scientific method of formulating clear problem statements, researching topic areas, forming testable hypotheses, conduct experiments, analyze empirical data and findings, and report conclusions and recommendations.
• Solid understanding of statistical methods and hypothesis testing.
• Able to independently write and perform intermediate to advanced SQL queries, or demonstrate the aptitude to intensively and rapidly upskill and learn how to. Otherwise, demonstrate ability to precisely and effectively communicate data requirements to analysts, engineers, and data scientists.
• Able to independently perform intermediate to advanced data analytics, or demonstrate the aptitude to intensively and rapidly upskill and learn how to. Otherwise, demonstrate ability to precisiely and effectively communicate data requirements to analysts, engineers, and data scientists.
• Able to craft and tell effective product-stories, communicate with and influence stakeholders through data.
• Prior experience and familiarity with working and thriving within lean, self-directed and blazing-fast business environments.","• Experience in geospatial and mapping-related product ownership / management.
• Solid foundational understanding of geospatial technologies, principles and their mathematical underpinnings.
• Demonstrate fluency and craftsmanship with tools such as geospatial tools, such as Folium, geopandas, and others.
• Demonstrate fluency and competency with data tools such as pandas, scipy, numpy and others.
• Familiar and knowledgeable in applied machine learning.
• Relevant Master's or Ph.D. are preferred.
• Demonstrate capability to design wireframes and communicate product designs with tools like Figma.
• Knowledge in Agile Product Management methods and certifications in Project Management metholodogies, such as SAFe Agile, PRINCE2, or PMP.
• Minimum of a Bachelor's Degree in Engineering, Computer Science, Information Systems, Mathematics, Physics, or other closely-related fields. Alternatively, have a demonstrable portfolio of past commercial or open-source projects and related products.",
경력,"• 모바일 앱, 키오스크 및 백오피스 서비스 기획 업무
• 서비스 정책수립, 프로덕트 설계, UI/UX 기획 총괄
• 기획-디자인-개발-운영팀 간 소통, 협업, 일정 및 OKR 관리 등 프로젝트 리드
• 전사 목표 및 방향성을 고려한 프로덕트 로드맵 설계 및 관리
• 유저, 경쟁사, 시장, 고객 리서치를 통한 데이터 분석 기반의 서비스 기획","• IT 서비스 PM/기획 경력 7년 이상이신 분- OKR/스크럼/스프린트 방식의 PM 경험이 있으신 분
• 협업툴(Slack-Asana-Notion-GDrive))을 활용한 개발/디자인/운영팀 간 프로젝트 리딩 경험이 있으신 분
• 팀내, 부서간 커뮤니케이션과 함께 성장하는 문화를 중요하게 생각하시는 분
• 프로젝트 관리를 위한 협업툴 사용 또는 문서 작성 및 정리 능력이 뛰어나신 분
• 새로운 서비스를 기획하거나, 기존 서비스의 개선을 통해 성과를 내 본 경험이 있으신 분
• 꼼꼼하고 책임감이 강하신 분","• 하나의 서비스를 기획-개발-운영까지 A to Z 경험이 있으신 분
• 데이터 분석, 시각화, A/B Test 등 유저 데이터 기반 기획/PM 경험이 있으신 분
• 개발, 디자인(UX), 마케팅 등 다른 분야에 대한 이해나 경험이 있으신 분
• 사용자 중심 사고와 데이터 기반 의사결정에 익숙하신 분
• 서비스 초기 기획부터 구축, 운영, 모니터링까지 참여한 경험이 있으신 분
• 오래의 사명과 같은 비전을 가지고 있으신 분
• 주도적으로 목표를 세워 달성 해본 경험이 있으신 분
• 업무 관리를 위한 협업 툴 사용 또는 문서 작성에 능통하신 분
- Asana, Notion, Slack, Google Sheets, Google Drive, Figma, Miro 등",
경력,"• 앞으로 이런 일들을 하게 될 거에요
• 강남언니 검색 플랫폼 고도화 및 검색 엔진, 검색 알고리즘 개선을 통해 고객에게 최적화된 검색 경험 제공
• 검색 관련 주요 지표를 설정하고 목표 달성을 위한 전략과 로드맵 수립
• 데이터 기반으로 검색 프로덕트의 성과를 분석하고, 고객 중심의 가설 수립 및 검증
• 고객의 검색 경험 향상을 위한 검색 시나리오 및 UX 개선 지속 실행
• 개발, 데이터, 디자인 조직과 협업하여 검색 서비스의 신규 기능 기획 및 출시 주도","• 3년 이상의 Product Owner 또는 이에 준하는 직무(PM, 기획)를 경험하신 분
• 검색 서비스에 대한 높은 이해도 및 경험을 보유하신 분
• 데이터 기반으로 가설을 수립하고, A/B 테스트 및 실험 설계를 통해 검증한 경험이 있으신 분
• 고객 중심 사고를 바탕으로 문제를 정의하고 해결할 수 있는 역량이 있으신 분
• 전사/조직 목표에 기반하여 우선순위를 판단하고 전략적으로 문제에 접근하여 해결 가능하신 분
• 원활한 소통 및 요구사항 관리 등 다양한 이해관계자들과의 협업 능력이 뛰어나신 분","• 검색 시스템 알고리즘 및 머신러닝 관련 지식을 보유하신 분
• 대규모 트래픽 환경에서의 프로덕트 운영을 경험해보신 분
• 애자일 조직, Cross-Functional Team, 스쿼드 구조의 업무 경험이 있으신 분
• 미용의료 서비스/시장에 대한 높은 관심과 이해도가 있으신 분",
경력,"룩코의 PO는 디자이너, 개발자, 데이터분석가로 이루어진 스쿼드에서 선장 역할을 담당합니다.

아래 두가지 문제를 해결합니다.
1. 어떻게 하면 누구든지 자신의 디지털 옷장을 마법처럼 쉽고 빠르게 만들 수 있을까?
2. 등록된 옷으로 어떤 서비스를 제공해야 사용자들이 아하 모먼트를 느낄까?

문제 발굴 및 해결
• 서비스 사용 데이터, 설문조사, VOC 등 여러 소스에서 문제를 찾습니다.
• 디자이너와 협업하여 적절한 해결책을 찾습니다.
• 업데이트 이후 사용자 데이터를 추적하여 문제가 해결되었는지 검증합니다.

스프린트 추진 및 스쿼드 관리
• 팀 구성원들이 해결하고자 하는 문제가 무엇이고, 왜 해결해야 하는지에 대한 맥락을 충분히 이해하도록 돕습니다.
• 스프린트 단위로 진행되는 기획디자인-개발-QA의 전 과정을 관리하여 일정대로 제품이 출시될 수 있도록 합니다.","• 2년 이상 PO/PM 경험을 보유하신 분 또는 그에 준하는 역량 보유자
• 가설 설정, 지표 검증 경험이 있고, 데이터를 기반으로 의사결정을 해오신 분
• 데이터베이스 sql 을 자유롭게 활용할 수 있는 분 또는 초고속으로 해당 역량을 갖출 수 있는 분
• R&R에 매몰되지 않고, 좋은 결과와 문제 해결을 위해서라면 무엇이든 해나가는 분
• 문제가 정해져있지 않은 상황에서 스스로 문제를 찾고 해결까지 확인한 경험이 있는 분(작은 것이라도 괜찮습니다)","• 확실한 성공 또는 확실한 실패를 경험해보신 분
• 20-30명 규모의 스타트업 업무 경험
• 문제해결을 위해 일반적이지 않은 노력을 담은 경험을 제시할 수 있는 분
• 회사의 성장에 따른 보상 (스톡옵션) 에 관심이 높은 분","JIRA, Slack, Figma, Notion"
경력,"• 더데이비포에서 운영중인 모바일 앱 Product Manager
(주요 담당 서비스 : 더커플 - The Couple)
• 유저 니즈 파악 및 인사이트 도출 후 방향 설정
• 데이터 기반의 서비스 기획 리드","- 모바일 앱 또는 웹 서비스 기획 경력 2년 이상인 분
- 기본적인 UI/UX에 대한 이해가 있으며, 고객 중심의 유저플로우 및 화면 설계 가능한 분
- 논리적인 커뮤니케이션과 뛰어난 협업 역량을 지닌 분
- 유저 데이터를 기반으로 서비스 방향을 설계할 수 있는 분","- 모바일 앱 개발 과정 전반에 걸친 기획 경험을 보유하신 분 (기능 정의 및 상세 기획)
- 앱 서비스 출시 및 출시 이후 1년 이상의 운영 경험을 보유하신 분
- 스타트업 근무 경험
- 글로벌 타겟 서비스 운영 경험",
경력,"• 바비톡 웹 Product의 기획부터 출시까지의 프로세스를 리드하며 개발, 디자인, 마케팅 등 전반에 걸쳐 제품을 주도하는 역할을 합니다.
• 플랫폼 관점에서 Beauty 시장의 비효율, 고객의 Pain point, 잠재적 사업 기회 등을 파악하여 풀어 낼만한 가치가 있는 문제 또는 사업 영역을 정의하고, 실행의 우선순위를 결정합니다.
• Data insight를 기반으로 가설을 검증하며, 끊임없는 Iteration을 통해 Product-market fit을 찾고, 제품을 고도화합니다.
• 새로운 시장에 대한 리서치 및 학습을 통해 인사이트 도출 하며, BM의 성장 발판을 마련할 수 있는 전략을 수립합니다.","• 웹(모바일, 데스크톱) PO, PM 경력 3년 이상. 혹은 이에 준하는 실력
• 고객 경험을 기반으로 시장을 혁신하는 제품을 발굴할 수 있는 역량
• 동시다발적으로 실행되는 여러 프로젝트의 우선순위 설정 및 관리 역량
• 데이터에 기반한 결정으로 결과를 이끌어내는 검증된 능력 및 올바른 비즈니스 판단 역량
• 담당 프로덕트의 퀄리티를 높이기 위해 끝까지 책임지는 오너십
• 명확한 목표와 전략을 설정하고, 논리적인 커뮤니케이션을 통해 원활한 협업
• 지원 시 포트폴리오를 제출해주세요. (첨부파일, URL 등 형식 무관)
※ 기여도 50% 이하의 프로젝트는 제외하고, 본인의 역량을 잘 소개할수 있는 내용으로 제출해 주세요.","• Lean Startup 및 Agile 조직 경험이 있으신 분
• 사업/제품 기획부터 조직 운영까지 스타트업의 A to Z를 다뤄보신 창업 경험이 있는 분
• Data-driven한 환경에서 빠르고 반복적인 개선을 진행한 경험이 있는 분
• 데이터 분석 도구(Amplitude, GA 등)을 통해 인사이트 도출을 할 수 있는 분","Confluence, JIRA, Slack, Notion"
경력,"• 사용자 경험(UX) 중심의 서비스 기획 및 개선을 주도합니다.
• 고객 니즈와 데이터 기반 인사이트를 바탕으로 제품의 방향성을 설정합니다.
• 프로덕트 로드맵을 수립하고, 팀과 협력하여 실행 및 성과를 관리합니다.
• 다양한 이해관계자들과 원활한 커뮤니케이션을 통해 목표를 정렬하고 추진합니다.
• 서비스 출시 이후 성과 지표를 모니터링하고 지속적으로 개선합니다.","• 5년 이상의 서비스 기획 경험을 보유하고 있으며, UX 설계에 강점을 가진 분
• 사용자 중심의 데이터 분석을 통해 문제를 정의하고 해결 방안을 도출할 수 있는 분
• 제품 기획부터 출시, 개선까지 Product life cycle을 경험한 분
• 복잡한 문제를 구조화하고, 우선순위를 설정하여 효과적으로 실행할 수 있는 분
• 개발 및 디자인 팀과 긴밀히 협업하며 논리적으로 소통할 수 있는 분","• B2B 서비스 또는 교육 도메인에서 기획 경험이 있는 분
• 언어교육 관련 경험이 있거나, 해당 분야에 대한 관심이 있는 분
• 모바일 및 웹 기반 서비스의 Front-end, Back-end 기획 경험이 있는 분
• 빠르게 변화하는 환경에서도 목표를 설정하고 성과를 만들어 본 경험이 있는 분",
경력,"• 대내외 IT 프로젝트 PM 또는 보조PM으로써 프로젝트 관리해요
• 고객의 요구사항 분석 및 정량적 업무를 정의해요
• 고객/협업사와의 커뮤니케이션 담당 및 관리해요
• 프로젝트 진행 과정 문서화 및 보고해요","• SW 프로젝트 수행/관리 경험을 보유한 4년차 이상
• 전반적인 IT기술에 대해 이해가 가능하며, 논리적인 커뮤니케이션 역량을 보유자
• 공공기관, 기업과 복잡한 문제를 해결하고 성공적으로 협업한 경험 보유자
• 고객사의 다양한 요구를 반영하여 프로젝트 관리를 직접적으로 주도한 경험 보유자
• 고객 및 이해 관계자들과의 커뮤니케이션 활동을 즐기실 수 있는 분","• 다양한 프로젝트 수행 경험을 보유하신 분
• AI 기술 및 기술의 산업적 적용에 관심이 있고 트렌드를 이해하고 있는 분
• 문제 해결을 위해 주도적으로 나서고 책임감 있게 결과를 만들어내는 분
• 반복되는 업무에서 비효율을 찾아 개선하고, 프로세스 최적화하는데 관심있는 분
• 데이터 기반의 관리와 성과 지표 분석을 통해 프로젝트 성장을 주도할 수 있는 분
• 주어진 자율성을 바탕으로 스스로 목표 및 일정관리가 가능하신 분",
경력,"• 글로벌 B2B SaaS 웹 제품 기획
• 사용자 및 경쟁 제품 분석 등을 기반으로 신규 서비스 (웹) 및 기능 기획, 출시, 개선
• 데이터 기반 사고를 통해 현재 제품 상황을 파악하고 개선하기 위한 전략 수립
• 주요 Stakeholder (개발자, 디자이너 등)와 소통 및 일정 조율을 통한 제품 개발 주기 관리
• 제품 요구사항 정의서 (PRD) 기획 및 Wireframe 작성 (피그마)
• 서비스 성장지표 (KPI & Metrics) 관리 및 정책 정의","• (필수) 3년 이상 IT 기업에서 PO 혹은 PM으로 일한 경험이 있어요.
• (필수) 영어가 가능하신 분
• (필수) 지원 시 포트폴리오 제출이 가능한 분
• PRD 및 Wireframe 작성 경험이 있으신 분
• 논리적인 커뮤니케이션 능력을 보유한 분
• 다양한 직군과 원활한 소통을 통해 제품의 기획 및 개선이 가능한 분
• 새로운 도전, 실험 및 실패에 대한 두려움이 없는 분
• 다양한 툴 사용 및 적용 능력이 있으신 분
• 디테일에 강하신 분","• 빠르게 성장하는 초기 스타트업에서 서비스 기획을 경험해보신 분
• 대쉬보드 제품 기획 경험이 있으신 분
• B2B SaaS 제품 기획 경험이 있으신 분
• 창업 경험이 있으신 분
• 제품의 데이터 분석 및 지표관리 경험이 있으신 분
• 팀 혹은 프로젝트를 리딩한 경험이 있으신 분","Figma, Notion"
경력,"1. Refinder 제품의 기획/PM 역할
2. 서비스에 대한 전반적인 기획, 기능 정의, 정책 및 로드맵 수립
3. 프로젝트 일정 관리","• 개발팀과 커뮤니케이션 하기 위한 기본적인 개발 지식
• 문서 편집 어플리케이션(한컴오피스, MS Office 등)과 AI에 대한 이해 및 활용 능력
• 업무 조율을 위한 원활한 커뮤니케이션 스킬
• Jira, Confluence 사용 경험
• IT 기획/PM 경력 3년 이상 5년 이하이거나 그에 준하는 경험을 보유하신 분","•서비스를 기획하고 런칭하고, 데이터 분석으로 개선한 경험을 보유하신 분
• 사용자 데이터 분석 및 인사이트 도출 능력을 보유하신 분
• 적극적이고 능동적으로 문제를 해결하는 마인드를 보유하신 분",
경력,"[담당하시게 될 업무를 소개합니다]
• 장기 이용 고객을 위한 '쏘카 플랜'을 담당합니다.
• 결제 유연화 (현금/법인/쿠폰) 및 서비스 운영을 위한 백오피스 어드민을 관리합니다.
• 쏘카의 미래 전략에 맞춰 필요한 시스템 환경을 먼저 설계하고 제안합니다.","[이런 분과 함께 성장하고 싶습니다]
•5년 이상의 시스템/서비스 구축 PM 경험 혹은 서비스 제품 설계 경험이 있는 분 (인하우스 O2O, 모빌리티 등 PO, PM 경력 우대)
• 서비스 전반의 맥락을 이해하고 비즈니스 목표와 제품 목표를 연결해 문제를 해결할 수 있는 분(백오피스, 결제 시스템 관련 PO, PM 경력 우대)
• 다채로운 환경에서 빠르고 유연하게 대안을 만들어갈 수 있는 분
• 고객 가치를 중심에 두고 제품 경험을 설계하는 분
• 데이터 기반으로 정성/장량적 목표와 기준을 수립하고 이를 적용하기 위한 지식과 마인드셋이 있는 분
• 동료를 배려하고 존중하며 공감하여 긍정적인 영향을 끼치고 동료의 성장을 돕는 분
• 긍정적인 마인드와 효율적 커뮤니케이션 스킬을 보유한 분","[이런 분이 쏘카에 합류한다면]
• ‍쏘카에 대한 경험이 풍부하다면, 즉시 전력으로 활약할 수 있어요.
• ‍데이터를 통해 제품을 성장시킨 경험이 있다면, 쏘카의 열정 가득한 데이터 분석가들과 함께 혼자보다 더 멋진 성취를 만들어낼 수 있어요.
• ‍온라인에서 오프라인 그리고 다시 오프라인에서 온라인으로 이어지는 종합적인 경험을 설계하는 O2O의 매력에 빠진 분이라면, 쏘카에 합류하여 그 매력에서 헤엄칠 수 있어요!",
경력,"[기술 스택 & 사용 툴]
• Slack, Confluence, Jira, Notion, Figma, Google Workspace, Amplitude, Bigquery, Redash

[합류 직후 이런 일을 해요]
• 고객에게 고수들의 양질의 생활 콘텐츠를 제공해 주는 Squad의 일감을 리딩하여, Organic/Referral Traffic을 확보하고 리텐션을 제고시키는 데에 기여합니다
• 정성 & 정량 데이터를 기반으로 유저가 겪는 문제를 정의하고 이를 Action Item과 구체적인 비즈니스의 목표로 구체화합니다
• 담당 도메인 그리고 연관 도메인을 포괄하는 프로덕트의 방향성과 전략을 수립하고, A/B Test 및 User Test 등의 형태로 가설을 검증합니다
• Bizdev., Marketing, CX팀 등 다양한 이해관계자들과의 협업을 통해 프로덕트의 성장 가능성을 높이고 효율적으로 실행합니다

[장기적으로 이런 일도 할 수 있어요]
• 프로덕트와 유저에 대한 깊은 이해도를 바탕으로 프로덕트의 개선점과 Long-term Vision을 선제적으로 제시합니다
• 추천 알고리즘을 활용하여 유저의 특성을 고려한 콘텐츠 노출 및 추천 등의 프로젝트를 진행합니다","• 1년 이상의 인하우스 PO, PM 및 서비스 기획 경험을 포함하여 총 3년 이상의 경험을 보유하신 분
• 담당 프로덕트의 Business Model, 핵심 지표 그리고 Service Flow의 폭 넓은 이해도를 기반으로 프로덕트에 긍정적인 Impact를 가져온 경험이 있으신 분
• 프로덕트의 목표 수립, 가설 설정, 실행 그리고 결과 분석에 이르는 일련의 과정을 경험하신 분
• 정량 & 정성 데이터를 바탕으로 프로덕트의 개선점, 문제점을 도출하고 우선순위를 설정하여 Lean 하게 검증하며 프로덕트의 성장을 주도한 경험이 있는 분
• 데이터에 기반한 논리적인 커뮤니케이션을 기반으로 다수의 이해관계자와 효율적으로 협업할 수 있는 분","• 리뷰, 프로필 고도화 혹은 콘텐츠 (동영상 스트리밍 및 숏폼) 관련 프로덕트의 서비스 기획, PO 혹은 PM의 경험을 보유하신 분
• 이커머스, 매칭 혹은 O2O 플랫폼에 대한 수준 높은 이해도를 보유하신 분
• 콘텐츠와 추천/검색 알고리즘의 경험과 이해도가 높은 분
• 애자일한 업무 환경에서 조직에 임팩트 있는 결과를 가져온 경험이 있으신 분
• SQL을 활용하여 원하는 데이터를 추출하고 분석할 수 있는 분
• 업무에 대한 뚜렷한 직업의식을 갖고 계신 분
• 빠르게 성장하는 업무 환경에 대응할 수 있는 분석적 사고능력을 갖추신 분
• 디테일한 구현에 집착하여 업무를 수행해 본 경험이 있으신 분
• 개발 프로세스에 대한 준수한 이해도를 보유하신 분",
경력,"• 일레븐플러스의 핵심 기능 기획 및 서비스 개발 관리
• Project의 Vision과 비즈니스 전략을 기반으로 제품의 방향성 및 필요 기능 결정
• 중요도와 시급성에 대한 전략적 판단 및 기능 개발의 우선순위 결정
• Product 기획 의도에 맞추어 서비스가 구현되도록 Process 및 Quality 관리
• Product와 관련된 다양한 내/외부 이해관계자의 Needs를 파악하고 해결
• 글로벌 유저 경험을 고려한 UX 개선 및 기능 최적화
• 유저 리서치 및 데이터 분석을 통해 제품 개선 방향 도출","• 주요 업무와 관련된 경력 및 경험
• Design Thinking Ability : 논리력, 분석력, 이해력, 비판적 사고, 전략적 사고, 수리력, 창의력, 문제 해결력
• Product Management Skills
- Process Management
- 높은 수준의 Verbal & Written 커뮤니케이션
- Data Analysis
• 주도적/자기 완결적인 업무 태도, 리더십","• B2C 서비스에 대한 경험 또는 관심
• 축구, 야구 등 스포츠에 대한 지식 또는 관심
• 글로벌 스포츠 트렌드 및 팬 커뮤니티에 대한 이해",
경력,"아워플레이스의 프로덕트 매니저(PM)는 제품 개발 및 운영의 핵심적인 역할을 수행합니다. 시장의 변화와 사용자 니즈를 반영하여 플랫폼 전략을 수립하고, 사용자 경험(UX)을 극대화하는 기능을 설계 및 실행합니다. 개발, 디자인, 고객 경험(CX) 팀과 협업하여 제품의 전체 생애 주기를 관리하며, 서비스의 성과를 개선하고 비즈니스 목표를 달성하는 데 기여하는 것이 주요업무입니다.

주요 업무
• 시장 조사 및 제품 전략 수립
* 시장 동향 분석 및 사용자 요구사항 파악
* 경쟁 서비스 및 산업 트렌드 조사
* 제품 기회 식별 및 우선순위 설정
• 제품 설계 및 개발 관리
* 제품 로드맵 설계 및 실행
* 기능 정의, 사용자 스토리 작성 및 명세서 작성
* 개발 일정 관리 및 제품 품질 유지
• 성과 분석 및 지속 개선
* 제품 성과 지표(KPI) 모니터링 및 데이터 분석
* 사용자 피드백 수집 및 개선안 도출
* 성과 기반 최적화 전략 수립
• 내·외부 커뮤니케이션
* 제품 비전과 전략 공유
* 마케팅 및 영업팀과 협력하여 제품 출시 전략 개발
* 이해관계자들과의 협력 및 조정","• 관련 분야에서 5년 이상의 경험
• (그로스해킹) 데이터 기반 의사결정 능력과 문제 해결 능력
• 효과적인 커뮤니케이션 및 프레젠테이션 스킬
• 팀워크 및 프로젝트 관리 능력
• UX 디자인 및 Agile/Lean 개발 방법론에 대한 이해","• 스타트업 환경에서 프로덕트 오너(PO) 경험
• 마켓플레이스 플랫폼 구축 및 운영 경험
• 데이터 분석 도구 활용 능력
• 콘텐츠 제작 및 디지털 미디어 산업에 대한 이해",
경력,"• 고객 인터뷰, 제품 데이터 분석, 시장 데이터 등을 통해 고객의 문제와 니즈를 정의합니다.
• 비즈니스 목표와 개발 리소스를 고려하여 우선순위를 정하고, 제품의 방향성과 로드맵을 설정합니다.
• AI, 소프트웨어, 디자인, 고객관리 등 제품 개발에 필요한 다양한 직군과 협업하며 리드합니다.
• 고객의 문제를 해결하기 위해 기존의 방법 외에도 창의적이고 다양한 아이디어를 시도하며, 제품을 한 단계씩 개선해 나갑니다.","• 3년 이상의 Product Manager/Owner 경험이 있으신 분
• 오너십과 리더십을 가지고 끈질기게 문제를 해결하여 훌륭한 제품을 만들어 본 경험이 있으신 분
• 불확실한 상황에서 결정을 내리고 팀을 설득해 비즈니스 성과를 이끌어낸 경험이 있으신 분
• 복잡한 문제를 간단하게 정리할 수 있는 논리적이고 체계적인 사고 능력을 보유하신 분
• 도메인 지식이 없어도 학습 능력과 의지가 높으신 분
• 비즈니스와 기술 사이의 간극을 이해하고, 협업 및 커뮤니케이션 능력이 뛰어나신 분
• 개발 직군과 기술적 이슈에 대해 원활하게 의사소통할 수 있는 기술적 지식을 갖추신 분","• 헬스케어/의료기기 분야에서 PM/PO 경험이 있으신 분
• AI 제품 출시 및 운영 경험이 있으신 분
• 개발 경력이나 관련 전공을 보유하신 분
• 초기 스타트업 경험이 있으신 분","JIRA, Excel, Notion"
경력,"지로의 제품팀은 개발팀과 UX팀으로 구성되어 있으며, 프로덕트 오너(PO)는 UX팀의 팀 리더 역할을 담당합니다.

현재 제품팀은 네이버 기획자 출신 공동대표 및 풀스택 개발자 CTO를 중심으로 두둠과 드롭샷스톡 2개의 양면 플랫폼을 만들고 개선하며 프로덕트와 함께 빠르게 성장해나가고 있습니다.

∙ OKR 달성을 위한 로드맵 수립 및 프로덕트 운영 전반을 주도적으로 진행
∙ 데이터 및 유저 리서치를 기반으로 한 문제 정의
∙ 비즈니스 임팩트를 중심으로 Task 우선순위 결정
∙ 제품 개발 과정에서 일정/이슈 관리 및 유관부서 커뮤니케이션

[지로 제품팀의 분위기]
∙ 담당하는 프로덕트에 애정을 가진, 높은 성장욕구를 가진 동료들이 모여 있어요.
∙ 고객에게 관심이 많아요. 고객의 행동 하나하나를 눈여겨 보며 빠르게 개선합니다.
∙ 인사이트를 주는 아티클이나 레퍼런스를 발견하면 적극적으로 공유합니다.
∙ 서로 눈치 보지 않고, 제품을 위한 일이라면 먼저 발 벗고 나서는 동료들이 많습니다.","∙ 유관 경력 3년 이상 혹은 이에 준하는 역량을 갖추신 분
∙ 복잡한 이슈를 해결 가능한 단위로 구체화하여 정리할 수 있는 분
∙ 유저 데이터와 비즈니스 임팩트를 중심으로 정량적인 판단을 내리실 수 있는 분
∙ 다양한 이해관계자들과 문제를 해결하는 커뮤니케이션 역량을 갖추신 분
∙ 주도적이고 자율적인 환경에서 높은 퍼포먼스를 내시는 분","∙ 창업 혹은 스타트업과 같은 환경에서 밀도 높은 성장을 해보신 분
∙ 글로벌 프로덕트를 운영한 경험이 있거나 글로벌 진출의 욕심이 있는 분
∙ 프로덕트 초기 기획부터 론칭 및 운영까지 Full cycle을 경험해보신 분


[지로팀의 인재상]
∙ 어렵고 복잡한 문제를 해결했을 때 성취감을 느끼는 분
∙ 서로 존중하며 협력하는 프로 스포츠팀 같은 조직을 선호하는 분
∙ 신속한 문제해결을 위해 오버커뮤니케이션을 중요하게 생각하는 분
∙ 솔직하지만 무례하지 않게 소통하는 분
∙ 담당자가 애매할 때는 먼저 발 벗고 해결하는 것이 마음 편한 분
∙ 작은 디테일도 높은 완성도를 추구하는 분",
경력,"• 리디의 프로덕트 매니저는 고객 만족과 서비스 성장에 있어 핵심적인 역할을 수행합니다.
• 제품의 핵심 문제를 정의하고, 이를 해결하기 위한 실행 방법을 수립합니다.
• 다양한 이해관계자들과 효과적으로 소통하고 협력하여 목표에 대한 일관된 합의를 이끌어냅니다.
• 제품 성과 지표를 관리하고, 이를 기반으로 한 의사결정을 통해 빠른 실행을 주도합니다.
• 데이터와 사용자 피드백을 활용하여 제품을 지속적으로 개선하고, 성과를 측정합니다.","• 프로덕트 매니저 또는 관련 업무를 3년 이상 경험하신 분
• 콘텐츠 산업에 대한 이해와 열정이 있으신 분
• 실험 설계 및 데이터 분석 역량이 뛰어나고 제품 지표를 관리할 수 있으신 분
• 웹 및 모바일 앱 개발과 디자인에 대한 깊은 이해가 있으신 분
• 우선 순위를 효율적으로 결정하며 효과적으로 목표 달성할 수 있으신 분","• MAU 100만명 이상의 B2C 서비스 경험이 있으신 분
• 컴퓨터공학, 엔지니어링 또는 이와 동등한 경험을 보유한 학사 학위를 소지하신 분
• 개인화 추천 서비스 또는 ML 프로젝트 경험이 있으신 분",
신입,"메이아이의 AI Project Manager는 고객사가 매쉬 도입을 결정한 순간부터 이탈하기까지, 고객사의 생애 주기를 밀착 관리하는 인재입니다. 이때 AI Project Manager는 고객사의 니즈를 단순히 전달받기만 하는 것이 아니라 가장 유의미한 데이터와 인사이트를 얻을 수 있도록 프로젝트를 주체적으로 설계합니다.

• 제품 온보딩과 프로젝트 매니징
- 분석 대상 공간의 특성을 파악하고 이에 따른 최적의 제품 설정을 진행합니다.
- 고객사의 요구사항을 분석하여, 고객을 만족시킬 수 있는 데이터와 결과물을 정의합니다.
- 고객사 니즈를 만족시키기 위해 개발팀 / AI 연구팀과 협업하여 결과물을 이끌어냅니다.
- 최종 결과물(e.g. 데이터 대시보드)을 고객사에게 전달하고 피드백을 수렴합니다.
- 이후에도 고객사와 지속적으로 소통하고 제품을 개선하며 리텐션을 이끌어냅니다.
• AI 데이터 파이프라인 매니징
- 영상 수집부터 AI 모델 분석, 그리고 대시보드 전달까지의 데이터 파이프라인을 관리합니다.
- 데이터 파이프라인을 모니터링하는 과정에서 나타나는 이슈에 대응하여, 데이터를 오류나 누락 없이 고객사에 제공할 수 있도록 관리합니다.
• 운영 프로세스 개선 및 효율화
- 안정적인 퀄리티의 제품을 더 많은 고객사에게 제공할 수 있도록, 위와 같은 운영 프로세스의 개선 및 효율화에 대해 함께 고민하고 관련 프로젝트를 주도합니다.","메이아이의 AI Project Manager는 고객사 및 다양한 직군과의 소통이 필연적으로 발생합니다. 따라서 명확하고 원만한 협업을 이끌어 낼 수 있는 커뮤니케이션 스킬과 배경 지식이 요구됩니다. 보유하신 능력을 십분 발휘하실 수 있도록 높은 의사결정권을 약속드립니다.

• IT 솔루션 도입 프로젝트 관리 또는 운영 경험
• B2B 고객 관리 경험 및 원활한 의사소통 능력
• 개발팀/AI 리서치팀과의 협업 경험
• 다양한 상황에서의 문제 해결 및 의사 결정 경험","지원을 위한 필수 조건은 아니나, 보유하고 계시면 업무를 수행하실 때 큰 도움이 되는 역량입니다.

• 데이터 관련 IT/B2B 프로젝트 리딩 경험
• 컴퓨터 비전 분야 AI 프로젝트 리딩 경험
• 하드웨어 활용 프로젝트 리딩 경험","프로젝트 관리, 프로젝트 계획, 프로젝트 실행, 프로젝트 납품"
"신입, 경력","1. CS 응대 및 개선사항 반영
-고객 피드백을 적극적으로 수집하여 개선 사항을 전달
- 간단한 개선사항은 직접 디자이너와 개발자와 소통하여 진행
2. QA 검수
-앱 및 웹 서비스의 기능, UI/UX를 직접 테스트하여 오류와 개선 포인트를 발굴
-테스트 시나리오를 작성하고, 실제 현장에서 문제점을 확인하여 피드백 제공
3. 콘텐츠 업로드 및 검수
4. 기타 업무","• 꼼꼼하며 세심하게 업무를 처리할 수 있는 분
• 적극적이고 친근한 커뮤니케이션 스킬 보유

• IT나 서비스 분야에 관심 있는 분
• PM을 꿈꾸며 IT업계에 다양한 업무로 경험을 쌓고 싶은 분",,
"신입, 경력","[담당직무]
• FETCHING 플랫폼(앱, 웹, 어드민, 파트너센터 등)을 아우르는 장단기 전략 및 목표 수립
• 전체적인 사용자 경험 설계, 요건 정의, 공수 산정, 우선순위 판단, 가설 검증, 데이터 분석
• 제품의 출시, 운영(정책 수립, 장애 대응 등) 및 성장 등

[근무시간]
시차출퇴근제
• 출근 : 09:00~10:00a.m.
• 퇴근 : 18:00~19:00p.m.

[고용형태]
• 3개월 계약직 계약 체결 / 수습기간 종료 시 평가를 통해 정규직으로 전환","• 신입~3년 경력 Product Manager
• 화면설계를 포함하여 프로젝트에 필요한 상세 기획 산출물 직접 작성, 관리, 정책 수립
• 고객 중심: 공급자 중심(아이디어부터 도출)이 아니라 고객 중심(고객의 불편에서 시작)으로 전체(end to end) 사용자 경험 설계 및 반복적 검증(iteration) 역량
• 전략적 사고: 장기(3년 이상) 전략(ideal state) 수립, 현 상황(current state)과의 격차 분석, 산출 목표(output goal) 설정, 이를 위해 순차적으로(working backwards) 달성해야 할 투입 목표(input goal) 정의 및 실행 역량
• 판단력: 방법(how)이 아니라 이유(why)에 집중하고, 데이터 기반 의사결정 및 임팩트 기반 우선순위 판단 역량
• 문제해결력: 구체적인 요건정의, 개발 공수산정, 문제의 핵심 파악, 지속 가능한 해결책 제시, 문서화 및 의사소통 역량
• 실행력: 처음(0 to 1)부터 끝(1 to 100)까지 제품을 출시하고 성공시킨 경험 및 역량
• 기술력: 네이티브 앱(iOS/Android)와 웹의 차이를 이해하고, 개발 직군과 data structure, system design 등 논의가 가능하며, 데이터 분석도구(SQL, Redash, Amplitude 등) 활용 역량
• 리더십: 높은 수준의 도덕성으로 모범을 보이고, 건설적인 피드백을 제공하고, 팀으로 일하고, 스스로 동기부여하고, 동료들도 동기 부여하는 역량","• 커머스 도메인(검색, 추천, 개인화, 상품상세, 장바구니, 주문, 물류, 배송, 결제, 정산, 멤버십, 관리자 어드민, 판매자 센터, 시스템 연동 등) 경험
• 소프트웨어 개발 경력
• 인공지능, 기계학습, 알고리즘, 룰 세팅 및 파인 튜닝 경험
• 영어 및 일본어 능력
• 해외 직구 경험","JIRA, Slack, Google Cloud Platform, MySQL, Google Adwords, Google Analytics, Google Webmaster Tools, Google Website Optimize,Notion, Google Tag Manager"
"신입, 경력","■ LXP - 엘리스LXP 플랫폼 사용자의 경험 개선 및 기능 설계
∘ 학습자의 성향과 목표에 맞춘 개별적인 학습 환경을 제공할 수 있도록, 학습 흐름을 직관적이고 편리하게 개선합니다.
∘ 사용자 경험을 개선하기 위해 가설을 수립하고, 테스트를 수행하여 데이터를 확보하며, 이를 통한 개선 사항을 설계합니다.
∘ 이밖에도 제공하는 서비스 전체와 상세 정책을 깊이 이해하여, 추가되거나 개선될 기능에 대해 개발 가능한 PRD를 작성합니다.

■ Growth - 데이터 기반의 전략적인 방향 설정 및 비즈니스 성과 극대화
∘ 데이터 기반으로 엘리스 프로덕트의 다양한 사용자 그룹을 깊이 있게 분석하고, 엔드유저의 피드백을 통해 사용자 경험을 최적화 합니다.
∘ 엔지니어링, 디자인, 마케팅, 영업 등 다양한 직군과 긴밀하게 협력하여 프로젝트가 성공적으로 추진될 수 있도록 지원합니다.
∘ 문제를 분석하고, 혁신적인 아이디어를 제시하며, A/B 테스트를 통해 얻은 데이터로 프로덕트를 끊임없이 개선하고 비즈니스 성과를 극대화합니다.
∘ 애자일 방법론을 기반으로 제품 백로그를 관리하고, 우선순위를 유동적으로 조정하며, 시장의 변화와 소비자의 반응에 빠르게 대응하여 성공적인 제품 출시를 이끕니다.

■ TEST - 테스트 서비스 기획 및 개발 생산성 향상
∘ 테스트 서비스를 통해 달성하고자 하는 구체적인 목표를 정의하여, 효율적인 테스트를 위한 환경을 설계하고 구축합니다.
∘ 테스트 결과를 분석하여 제품의 품질을 개선하고, 개발 과정에 대한 피드백을 제공합니다.
∘ 최신 테스트 방법론이나 도구를 도입하여 테스트의 효과를 극대화하고, 테스트 서비스의 장기적인 발전 방향을 설정합니다.","• 제품의 기획부터 출시, 그리고 지속적인 개선 업무를 경험하신 분
• 사용자 데이터를 분석하여 제품의 성과를 측정하고, 개선 방향을 설정하여 프로덕트를 개선해보신 분
• 개발자, 디자이너 등 다양한 직군의 이해관계자들과 원활하게 소통하여, 주도적으로 프로덕트를 개선한 경험이 있으신 분
• 끊임없이 변화하는 기술 환경에서도 빠르게 학습하고 적응하여, 최신 기술과 새로운 업무 도구에 대한 높은 이해를 바탕으로 기술 지식을 능숙하게 공유할 수 있는 분","• 컴퓨터공학과 또는 관련 전공 학사 이상의 학위를 보유하신 분
• 스타트업의 개발과 문화를 경험해보신 분
• 개발, UX 디자인 및 인터페이스 개발 경험을 보유하신 분
• 애자일 업무를 경험해보신 분",
신입,"우리가 찾는 사람
문제를 발견하고 해결하는 것에 몰입할 수 있는 사람, 그리고 실행으로 이어갈 수 있는 사람을 찾습니다.

주요 업무
• 런즈 웹/앱 서비스 기획 및 개선
• 학부모와 학원(파트너) 관점에서 UX/UI 기획 및 사용자 여정 설계
• 데이터 분석 및 사용자 리서치를 기반으로 문제 정의 및 해결방안 도출
• 서비스 기능 기획(요구사항 정의, 와이어프레임, 프로토타입 설계)
• 프로젝트 리딩 및 팀 협업 (디자인, 개발, 마케팅, 운영과 긴밀한 협업)
• 서비스 성과 분석 및 최적화 (A/B 테스트, 사용자 피드백 반영 등)","이런 분을 찾고 있어요
• 문제 발견부터 해결까지 스스로 주도적으로 일할 수 있는 분
• 학부모와 학원의 관점을 고려하여 프로덕트를 기획할 수 있는 분
• 꼼꼼하고 논리적인 사고를 바탕으로 기획을 정리하고 실행할 수 있는 분
• 스타트업 환경에서 빠르게 실행하고 유연하게 대응할 수 있는 분
• 데이터 분석을 통해 서비스 개선을 지속적으로 추진하는 분
프로젝트를 리딩하며 팀과 협업하여 결과를 만들어낼 수 있는 분","이런 분이면 더 좋아요
• 교육 서비스 기획 경험이 있거나, 학부모 및 교육 시장에 대한 이해가 있는 분
• 광고 및 마케팅, 비즈니스 모델 기획 경험이 있는 분
• 다양한 팀과 협업하며 서비스를 완성하는 경험이 있는 분
• Figma, Notion 등의 협업 툴을 능숙하게 다루는 분",
"신입, 경력","**이런 일을 하게 됩니다(주요업무)**

• 온라인 마케팅 채널 광고 및 SEO, 광고컨텐츠 개발 등의 업무를 진행합니다.
• 정리습관 멤버들과 함께 현재 운영하고 있는 Web/App 프로덕트를 함께 운영하며 개선점을 찾고 해결하는 일을 합니다
• 신규 고객서비스 및 AI 서비스 등을 UI/UX 설계, 런칭, 서비스 운영 전반을 리드합니다
• 마케팅과 컨텐츠 프로덕트로 유입되는 데이터를 분석하고 문제를 진단 해결합니다.","이런 분이면 좋아요 :)

• 관련 분야에서 1년 이상 경력을 보유하시거나 신입이지만 포트폴리오 경험을 쌓으신 분
• 목표 지향적이며 도전함에 있어 스타트업 마인드를 지니신 분
• 영상컨텐츠개발/Web/APP 및 AI 개발 등 새로운 것을 만드는 것을 즐거워하시는 분
• 밝고 커뮤니케이션을 즐거워 하시는 분
• 데이터 분석 및 문제 해결 능력이 뛰어나신 분","• 퍼모먼스 마케팅이나 SNS 컨텐츠 개발 경험으로 성과를 만들어 보신 분
• 고객 데이터 분석 및 CRM 툴 활용 경험이 있으신 분
• Web, App, AI 프로덕트 기획, 설계, 런칭 및 운영 경험이 2년 이상인 분
• 스타트업에서 빠르게 변화하는 환경에서 일한 경험이 있는 분
• 신규 IT 서비스를 런칭 운영하여 성장시켜본 경험이 있으신 분
• 타사 벤치마킹, 트렌드 분석 경험이 있고, 빠르게 믹스&매치가 가능하신분
• AI Tool 사용이나 Figma / 디자인 Tool 잘 다루시는 분
• 정리/인테리어/라이프스타일 홈 관련 공간 꾸미는 거 좋아하시는 분",
"신입, 경력","B2B 출판 물류 플랫폼 서비스 기획: 실무자와의 의사소통을 통한 요구사항을 분석하여 서비스 상위/상세 기획을 진행합니다.(요구사항 정의, 정책 설계, 기능 정의, 시스템/사용자 와이어프레임, 스토리보드 작성, PM)","• 파주 근무지 출퇴근 가능자
• 커뮤니케이션 역량이 뛰어나신분","ㆍ디자이너와 개발자와 협업 경험이 있으신 분
ㆍ물류 도메인(WMS, TMS, OMS 등) 관련 서비스 경험/관심이 있으신 분
ㆍ출판 업계 관련 서비스 경험/관심이 있으신 분","Confluence, JIRA, Agile, Figma"
신입,"• 시장 및 사용자 요구 분석을 통한 제품 방향 설정
• 고객 피드백을 반영한 제품 개선 기획
• 제품 로드맵 및 백로그 관리
• 기능 QA 수행 및 릴리스 준비 지원
• 개발, 디자인, 사업팀과의 협업을 통한 제품 목표 달성","• 웹 프로덕트 또는 플랫폼 UX 기획에 관심이 많으신 분
• 논리적 사고력과 문제 해결 능력을 갖춘 분
• 다양한 이해관계자의 요구사항을 조율하며 원활하게 커뮤니케이션할 수 있는 분
• 새로운 도전을 즐기며, 건설적인 피드백을 주고받는 데 열린 자세를 가지신 분","• 유관 직종 업무 경험 2년 이상 / B2B 서비스 강력 우대
• 개발팀과의 협업을 위한 기본 개발 및 개발 환경 관련 지식
• SaaS 기획 및 프로덕트 매니저 업무 관련 경험
• 웹/앱 프로덕트 QA 경험
• 글로벌 팀과 협업을 위한 비지니즈 영어 커뮤니케이션 능력
• 전산/컴퓨터공학 관련 학위, 또는 개발 경험",
"신입, 경력","프로케어 제품의 운영과 개선에 필요한 기획 및 개발 과정에 참여합니다.

1. 프로케어 제품 관리
ㆍ프로케어 고객(기관, 부모님, 시터님)이 사용하는 제품이 정상적으로 운영되도록 관리합니다.
ㆍ프로케어 고객이 더욱 편리하게 제품을 사용할 수 있도록 개선합니다.

2. 프로케어 사업 관리
ㆍ제품 운영과 개선을 통해 최종적으로 프로케어 사업의 효율 및 성과 극대화를 목표로 합니다.
ㆍ이를 위한 데이터를 분석하고 성과 지표를 확인할 수 있는 대시보드를 운영합니다.","• 신입 가능
• 고객 규모, 기술 난이도에 관계없이 제품을 직접 기획하고 개발하는 과정에 주도적으로 참여해본 경험
• 성과 달성을 위한 능동적이고 치열하게 고민하는 주도적인 자세
• 본인의 생각을 글(문서)로 정리하고 설득하는 것에 자신 있는 분
• Excel, PPT 등 기본적인 업무 도구 사용에 익숙하신 분
• 정중하고 성숙한 비즈니스 커뮤니케이션 매너
• 업무에 대한 빠른 학습 능력, 자기 계발에 대한 욕심과 적극적인 성향

* 맘편한세상 Product Owner 포지션에 지원한 이유를 반드시 작성해 주세요","• 육아 산업에 대해 관심이 있으신 분
• Jira, Confluence, Notion, Figma 등의 제품 개발 관련 도구의 실무 사용 경험",
"신입, 경력","• 요구사항 정의 및 스토리보드 작성
• 서비스 출시 및 개선을 위해 유관 부서와 협업하여 프로젝트를 주도
• (B2C 스쿼드) 플레이오 앱 서비스 기획 및 정책을 수립하고 사용자 경험을 개선
• (B2B 스쿼드) 플레이오 광고 송출 플랫폼과 광고 영역을 기획하며, 지표를 개선하고 비즈니스를 성장
* 인터뷰를 통해 지원자의 강점이 발휘될 수 있는 스쿼드에 배정됩니다.","• 앱/웹 기획 분야에서의 실무 경험이 있으신 분
• 기획-디자인-개발에 대한 기본적인 이해와 논리적 근거 제시를 통해 업무 조율이 능숙하신 분
• Figma 등 디자인 및 프로토타이핑 툴 사용 경험이 있으신 분
• 데이터 기반으로 가설을 정의하여 사용자 경험 개선을 하실 수 있는 분
• 화면 구현을 넘어 고객의 문제 해결을 위한 구현에 집중하실 수 있는 분","• PC, 모바일, 콘솔 게임을 좋아하는 분
• 플레이오 앱을 사용해 본 경험이 있으신 분
• 10만 명 이상의 게임 또는 서비스 기획 경험이 있으신 분
• 앱/웹 서비스 프로젝트 리딩을 해보신 분
• 논리적 사고, 데이터 분석, 산업 구조 이해에 강점이 있으신 분
• AdTech 또는 디지털 마케팅 시장에 대한 이해도가 있으신 분
• 한정적인 리소스를 효율적으로 활용하여 임팩트를 창출할 수 있는 집중력이 있으신 분","JIRA, Figma, Notion"
"신입, 경력","[핀다 Product Owner는 이렇게 일해요!]
핀다 Product Owner는 고객이 보다 쉽게 개인의 현금흐름을 계획하고, 디자인하고, 관리하며 금융생활의 주체가 될 수 있도록 돕는 프로덕트를 만들어요. 핀다 앱 하나만으로 대출·신용·자산 등 다양한 금융서비스를 제공하고, 고객이 현금흐름을 명확히 파악할 수 있도록 돕습니다. 또한 핀다 앱을 지속적으로 사용하여 좋은 대출을 찾고 관리하며 원활하게 상환할 수 있는 환경을 조성하기 위한 모든 액션을 시도해요. 대출 탐색부터 실행, 상환까지의 모든 과정에서 고객에게 은행을 완벽히 대체하는 서비스를 제공하는 것이 우리의 목표에요.

고객에게 최상의 만족 경험을 선사하여 핀다를 경험한 고객은 다시 돌아오지 않을 수 없도록 만드는 여정에 함께 해주세요!


[합류하시면 이런 일을 함께 할 거에요!]
핀다 유저가 가장 좋은 조건과 최상의 경험을 할 수 있도록 담당 서비스를 기획하고 운영해요.
• 전사 목표 달성을 위해 담당 프로덕트의 마일스톤을 설정하고, 우선순위와 지표를 관리하여 프로덕트 성과를 리드해요.
• 유저에 대한 깊은 이해를 바탕으로 가설을 수립하고 A/B테스트를 통해 데이터 기반 검증 및 프로덕트 고도화를 추진해요.
• 담당 프로덕트에 매몰되지 않고 전사목표 관점에서 가장 큰 임팩트를 창출할 수 있는 방향을 고민하여 프로덕트에 반영해요.","• 높은 목표를 달성하기 위해 도전하고, 이 과정에서의 성공과 실패를 발판 삼아 성장해보신 분
• 데이터 기반으로 의사결정하고 논리적으로 팀원을 설득할 수 있는 분
• 문제해결에 대한 집념과 애정으로 끝까지 포기하지 않고 도전하는 분
• 다양한 동료와의 협업을 통해 성과를 만들어낸 경험이 있는 분",• 핀테크 혹은 전통 금융 등 유사 도메인을 경험해 보신 분,
신입,"• 비즈니스 목표와 고객 needs 등에 기반, 자사 솔루션의 개선점을 도출하고 해결 방향성을 수립합니다.
• 프로젝트 일정 및 계획을 수립하고 진행 과정 전반의 관리를 담당합니다.
• 솔루션의 품질 보증을 위해 test case를 작성하고 수행합니다.
• 전형절차: 서류전형 ＞ 면접전형(1차) ＞ (Reference Check) ＞ 채용검진/최종합격","• 교육을 통해 새로운 IT솔루션에 대한 이해가 가능하신 분
• 복잡한 문제 속에서 우선순위를 세우고, 효율적으로 업무관리를 할 수 있는 분
• 개발, 디자인, 영업 등 다양한 부서와 원활한 커뮤니케이션이 가능하신 분","• PM 혹은 QA 관련 인턴, 업무경험을 보유하신 분
• SQLD 자격증을 보유하신 분
• FIGMA 사용경험을 보유하신 분
• 비즈니스 영어가 가능하신 분","SQL, Figma"
신입,"• 집품 서비스의(Web, App) 기획 업무를 담당해요
(앱/웹 화면 설계, UXUI 디자인, 기획안 제작, 개발팀과의 협업, 프로젝트 관리)
• 제품에 대한 고객의 니즈를 정성/정량적으로 수집하고 데이터를 분석하여 서비스를 개선해요
• 아이데이션부터 기획, 개발 및 배포까지 전 과정을 매니징해요","• Figma를 이용한 앱/웹의 화면 설계가 능숙하신 분
• 주도적으로 목표를 설정하고 프로젝트를 진행하실 수 있으신 분
• 대학 졸업자 이상 (2025년 08월 졸업 예정자 포함)","• 앱/웹 화면 설계, UXUI 디자인, 기획안 제작, 개발팀과의 프로젝트 매니징 경험이 있으신 분",
신입,"• 데일리페이 서비스 기획 및 운영
• 신규 프로젝트 기획 및 운영
• 서비스 데이터 기반의 목표,전략 수립
• 사용자 데이터를 통한 문제점 도출 및 개선 전략 수립","• 국내외 4년제 대학 졸업(예정)자
• 커뮤니케이션 능력이 좋으신 분
• PM 기획자로 고객의 문제 해결을 직접 리딩 해보신 분
• UX 및 시장 분석 능력을 보유하신 분
• 신입/경력 무관","• 핀테크/스타트업 등 근무 경력이 있으신 분
• 금융 산업에 대한 이해도가 높으신 분
• 데이터 기반 KPI 설정 후 꾸준히 관리 · 분석을 통해 인사이트를 도출해본 경험
• 플랫폼 서비스 프로젝트를 리딩 해보신분","Slack, SQL, MS 오피스, Notion"
신입,"• 피트니스 서비스의 비전과 목표에 맞춘 제품 로드맵 수립
• 사용자 요구사항 및 시장 트렌드 분석을 통한 서비스 개선 및 신규 기능 기획
• 일정, 리소스, 품질 관리 및 제품 출시까지의 전반적인 프로세스 관리
• 사용자 데이터와 피드백 분석을 통한 서비스 성과 측정 및 개선 방안 도출
• A/B 테스트 설계 및 결과 분석","• 헬스 혹은 PT 경험을 보유하신 분
• 제품 기획 및 데이터 분석 도구 활용 능력을 보유하신 분
• 다양한 이해관계자들과 협업하며 문제를 해결할 수 있는 커뮤니케이션 능력을 보유하신 분
• 스타트업을 함께 성장시킬 열정을 보유하신 분","• 애자일 또는 스크럼 기반의 프로젝트 관리 경험을 보유하신 분
• 인스타그램, 네이버 블로그 등 SNS 채널 사용 및 활용에 능숙하신 분","Google Analytics, Figma"
신입,"• 글로벌 프로젝트 매니징
• 글로벌 스타트 프로젝트 매니징","| 자격요건
• 문제해결능력
• 그레이존 문제의식 있는 사람
• 수용능력
• 마감능력
• 글로벌 협업 능력
• 보고능력
• 커뮤니케이션
• 리모트워크, 워케이션 가능자
• 영어 가능자","| 우대사항
• 문제해결능력은 목적싱크와 문제정의부터 시작한다는것을 체득 하신분
• 그레이존 문제를 먼저 해결하려고 하고 각 부서와 팀원 간 소통의 중요성을 체득하신 분
• 수용하기 위한 용기와 실력을 뒷받침하는 마인드셋 을 체득 하신분
• 시장에서 살아남기 위해선 퀄리티가 생명이고 이 마감을 위해 많은 투자가 필요하다는것을 체득하신 분
• 다양한 국가의 직원들 입장에서 그들의 문화와 생각을 인정하고 협업하는 것을 체득하신 분
• 목표를 달성하기 위해 관련 멤버들에게 보고와 싱크의 중요성을 체득 하신분
• 커뮤니케이션 코스트와 팀싱크 코스트 커뮤니케이션 ROI 개념을 체득하신 분
• 리모트 워크, 워케이션을 잘하기 위해 디테일한 차이를 체득하신 분
• 빠르고 수려한 발음보다 정확한 소통을 위해 영어를 도구로서 활용을 체득하신 분","문제 해결, 프로젝트 계획, 글로벌 운영, 프로젝트 관리, 영어 실력"
"신입, 경력","- 머스타드 플랫폼(app & web) 서비스기획
- 문제정의 및 개선 프로젝트 리드
- 서비스 정책 수립, UI/UX를 고려한 기획","- 경력 0~3년
- 대졸(학사) 이상
- 서비스에 대한 이해 및 내부 맥락을 고려한 고객 경험을 제공할 수 있는 역량을 가진 분
- 기획 및 개발 업무에 대한 이해를 바탕으로 협업 및 원활한 커뮤니케이션이 가능한 분
- 해외여행 가능자","- 사이니지, 키오스크, POS 등 Retail Tech 경험자
- 고객중심 사고, 데이터 기반 의사결정에 익숙한 분
- 기획, 론칭, 운영 고도화까지 서비스 사이클을 모두 경험한 분
- 실패를 두려워 하지 않고 다양한 시도를 선호하는 분
- 원활한 커뮤니케이션 스킬",
신입,"• 그래비티랩스의 PO는 주어진 제품의 리더가 되어 팀원(개발자, 디자이너)을 이끌어 목표를 달성하기 위해 노력합니다.
• 데이터를 기반으로 유저들이 겪는 문제를 포착하고 이를 해결하기 위한 논리적인 가설들을 수립합니다.
• 상세한 기획부터 실제 스프린트 진행 및 릴리즈까지 '머니워크' 제품 내 신규 기능이 개발되기까지의 모든 일련의 과정에 대한 책임과 권한을 갖습니다.
• 더 빠르게 더 큰 임팩트를 내기 위한 제품팀의 업무 방식에 있어서도 자율성을 갖습니다.","• 애자일한 프로세스로 성과를 만들거나 유의미한 인사이트를 얻은 실패의 경험이 있으신분
• 데이터와 숫자를 기반으로 논리적인 사고가 가능하신 분
• 어려운 미션과 도전적인 목표가 있는 힘든 상황에서도 에너지와 의지를 잃지 않으시는 분
• 고객의 입장에서 문제를 정의하고, 해결해 본 경험이 있으신 분","• 스타트업 혹은 팀에서 PO, 전략/기획 경험을 가지고 계신 분
• 구글 애널리틱스, 믹스패널, 앰플리튜드 등 데이터 분석 툴을 능숙하게 다루실 수 있는 분
• 영어 혹은 일본어에 능숙하신 분
• 헬스케어 시장에 대한 비즈니스 이해도가 높으신 분
• 글로벌 B2C 제품의 PM/PO/기획 경험이 있으신 분 (특히 일본과 미국)",
"신입, 경력","- 대내외 IT프로젝트 PM 또는 보조PM으로써 프로젝트 관리업무
- 고객/현업 요구사항 분석 및 업무정의
- 고객, 협업사 및 내부커뮤니케이션 채널담당 및 관리
- 비즈니스프로세스 설계 및 워크플로우 작성
- IT 프로젝트 기획자 업무 리딩/지원
- 화면설계, Wireframe, I.A. 작업 수행 (PC, APP, Mobile Web UI/UX)
- 보유 IT솔루션 및 서비스 사업화에 대한 업무 보조
- 플랫폼서비스 IT운영/관리 업무수행
- 담당업무 공유 및 개선방향 발표 정규미팅 진행","· 유관부서 및 이해관계자들과 커뮤니케이션 및 대내외 협업 능력이 뛰어나신 분
· 새로운 IT기술과 Tech 분야에 관심이 많은 분 · IT 트렌드를 추구하고 배우려는 적극적 의지가 있는 분
· 회사와 함께 가파른 성장 곡선을 그리며 성장하고 싶으신 분
· 사내 전문가 팀의 지원을 받으며 체계적인 성장을 하고 싶으신 분
· 컴퓨터 활용능력 및 문서작업능력 보유한 분 (MS Windows, Office 등)","· 유관부서 및 이해관계자들과 커뮤니케이션 및 대내외 협업 능력이 뛰어나신 분
· 새로운 IT기술과 Tech 분야에 관심이 많은 분 · IT 트렌드를 추구하고 배우려는 적극적 의지가 있는 분
· 회사와 함께 가파른 성장 곡선을 그리며 성장하고 싶으신 분
· 사내 전문가 팀의 지원을 받으며 체계적인 성장을 하고 싶으신 분
· 컴퓨터 활용능력 및 문서작업능력 보유한 분 (MS Windows, Office 등)",